{"cameraMode":{"drawMode":0,"name":"Shaded","section":"Shading Mode"},"sceneLighting":true,"audioPlay":false,"sceneViewState":{"showFog":true,"showMaterialUpdate":false,"showSkybox":true,"showFlares":true,"showImageEffects":true,"showParticleSystems":true,"showVisualEffectGraphs":true,"m_FxEnabled":true},"in2DMode":false,"pivot":{"x":15.490130424499512,"y":23.585556030273439,"z":-0.7388070821762085},"rotation":{"x":0.7070991396903992,"y":-0.003181880572810769,"z":0.0031820384319871666,"w":0.7071005702018738},"size":2.797456979751587,"orthographic":false}