{"cameraMode":{"drawMode":0,"name":"Shaded","section":"Shading Mode"},"sceneLighting":true,"audioPlay":false,"sceneViewState":{"showFog":true,"showMaterialUpdate":false,"showSkybox":true,"showFlares":true,"showImageEffects":true,"showParticleSystems":true,"showVisualEffectGraphs":true,"m_FxEnabled":true},"in2DMode":false,"pivot":{"x":-0.37800002098083498,"y":0.10400000214576721,"z":-7.414000034332275},"rotation":{"x":-0.05127156525850296,"y":0.7507081627845764,"z":-0.0586770735681057,"w":-0.6560410261154175},"size":0.4295487105846405,"orthographic":false}