{"cameraMode":{"drawMode":0,"name":"Shaded","section":"Shading Mode"},"sceneLighting":false,"audioPlay":false,"sceneViewState":{"showFog":false,"showMaterialUpdate":false,"showSkybox":false,"showFlares":false,"showImageEffects":false,"showParticleSystems":false,"showVisualEffectGraphs":true,"m_FxEnabled":true},"in2DMode":false,"pivot":{"x":-0.00036078691482543945,"y":0.8074254989624023,"z":0.0336783230304718},"rotation":{"x":0.14396551251411439,"y":-0.1595672219991684,"z":0.023528430610895158,"w":0.9763509035110474},"size":1.3813351392745972,"orthographic":false}